{"cameraMode":{"drawMode":0,"name":"Shaded","section":"Shading Mode"},"sceneLighting":false,"audioPlay":false,"sceneViewState":{"showFog":true,"showMaterialUpdate":true,"showSkybox":false,"showFlares":true,"showImageEffects":true,"showParticleSystems":true},"in2DMode":false,"pivot":{"x":253.6999969482422,"y":14.399999618530274,"z":288.79998779296877},"rotation":{"x":0.6399993300437927,"y":0.0027673994190990927,"z":-0.0023049607407301666,"w":0.7683709263801575},"size":20.99523162841797,"orthographic":false}