{"cameraMode":{"drawMode":0,"name":"Shaded","section":"Shading Mode"},"sceneLighting":false,"audioPlay":false,"sceneViewState":{"showFog":true,"showMaterialUpdate":true,"showSkybox":false,"showFlares":true,"showImageEffects":true,"showParticleSystems":true},"in2DMode":false,"pivot":{"x":378.9154968261719,"y":383.3712463378906,"z":0.0},"rotation":{"x":-0.5079317092895508,"y":-0.008530127815902233,"z":0.005030063912272453,"w":-0.8613430857658386},"size":381.13568115234377,"orthographic":false}