{"cameraMode":{"drawMode":0,"name":"Shaded","section":"Shading Mode"},"sceneLighting":false,"audioPlay":false,"sceneViewState":{"showFog":true,"showMaterialUpdate":true,"showSkybox":false,"showFlares":true,"showImageEffects":true,"showParticleSystems":true},"in2DMode":false,"pivot":{"x":256.79998779296877,"y":4.400000095367432,"z":367.3999938964844},"rotation":{"x":-0.39981064200401308,"y":0.00054726074449718,"z":-0.00023882731329649687,"w":-0.9165995121002197},"size":20.235498428344728,"orthographic":false}