{"cameraMode":{"drawMode":0,"name":"Shaded","section":"Shading Mode"},"sceneLighting":false,"audioPlay":false,"sceneViewState":{"showFog":true,"showMaterialUpdate":true,"showSkybox":false,"showFlares":true,"showImageEffects":true,"showParticleSystems":true},"in2DMode":false,"pivot":{"x":229.7471923828125,"y":1.28680419921875,"z":350.21624755859377},"rotation":{"x":-0.39981064200401308,"y":0.00054726074449718,"z":-0.00023882731329649687,"w":-0.9165995121002197},"size":36.00874710083008,"orthographic":false}